{"cameraMode":{"drawMode":0,"name":"Shaded","section":"Shading Mode"},"sceneLighting":false,"audioPlay":false,"sceneViewState":{"m_AlwaysRefresh":false,"showFog":true,"showSkybox":false,"showFlares":true,"showImageEffects":true,"showParticleSystems":true,"showVisualEffectGraphs":true,"m_FxEnabled":true},"in2DMode":false,"pivot":{"x":-10.255772590637207,"y":5.550999164581299,"z":13.008636474609375},"rotation":{"x":-0.12884150445461274,"y":0.213029146194458,"z":-0.028351344168186189,"w":-0.9680981636047363},"size":0.0035979158710688354,"orthographic":false}